{
    "image_points": [
        [
            535,
            832
        ],
        [
            549,
            770
        ],
        [
            1115,
            750
        ],
        [
            400,
            777
        ],
        [
            1160,
            435
        ],
        [
            1228,
            405
        ],
        [
            1078,
            481
        ],
        [
            1044,
            455
        ],
        [
            588,
            752
        ],
        [
            591,
            717
        ],
        [
            1034,
            343
        ]
    ],
    "lidar_points": [
        [
            7.100497722625732,
            1.4390455484390259,
            -1.6824427843093872
        ],
        [
            9.20931625366211,
            1.6802443265914917,
            -1.6862900257110596
        ],
        [
            10.315272331237793,
            -2.99790096282959,
            -1.7897729873657227
        ],
        [
            8.996023178100586,
            2.7029449939727783,
            -1.6385709047317505
        ],
        [
            16.221778869628906,
            -5.675513744354248,
            1.5705667734146118
        ],
        [
            16.235477447509766,
            -6.618793487548828,
            1.9298733472824097
        ],
        [
            24.423721313476562,
            -7.009503364562988,
            1.485602617263794
        ],
        [
            24.75579261779785,
            -6.4517083168029785,
            2.0754194259643555
        ],
        [
            10.070833206176758,
            1.4730085134506226,
            -1.680811882019043
        ],
        [
            12.15294361114502,
            1.737654209136963,
            -1.651932954788208
        ],
        [
            24.8841609954834,
            -6.23478889465332,
            4.512771129608154
        ]
    ],
    "event_points": [
        [
            248,
            342
        ],
        [
            254,
            313
        ],
        [
            534,
            302
        ],
        [
            184,
            317
        ],
        [
            553,
            149
        ],
        [
            588,
            135
        ],
        [
            515,
            172
        ],
        [
            498,
            160
        ],
        [
            273,
            304
        ],
        [
            274,
            286
        ],
        [
            493,
            101
        ]
    ]
}