{
    "rgb_camera_intrinsic": [
        1150.8943600390282,
        1150.8943600390282,
        723.4334411621094,
        572.102180480957
    ],
    "event_camera_intrinsic": [
        569.2873535700672,
        569.2873535700672,
        336.2678413391113,
        222.2889060974121
    ]
}