{
    "rgb_camera_intrinsic": [
        250.77889931084042,
        250.64752596992219,
        331.55103078557704,
        179.51801813958966
    ],
    "event_camera_intrinsic": [
        235.09558978834147,
        235.75270523860357,
        173.9292534235724,
        134.21593557584097
    ]
}