{
    "image_points": [
        [
            254,
            182
        ],
        [
            365,
            179
        ],
        [
            444,
            180
        ],
        [
            367,
            126
        ],
        [
            324,
            181
        ],
        [
            265,
            243
        ],
        [
            213,
            175
        ],
        [
            463,
            180
        ]
    ],
    "lidar_points": [
        [
            -1.3758466243743896,
            4.366900444030762,
            0.17954547703266144
        ],
        [
            0.8284394145011902,
            6.819647312164307,
            0.2678203284740448
        ],
        [
            2.431097984313965,
            5.751649856567383,
            0.14822326600551605
        ],
        [
            1.1326881647109985,
            7.932888031005859,
            1.9453468322753906
        ],
        [
            -0.1736837923526764,
            5.9299421310424805,
            0.2439807504415512
        ],
        [
            -1.1279194355010986,
            3.9034013748168945,
            -0.6651986837387085
        ],
        [
            -1.7808613777160645,
            3.7704641819000244,
            0.28622016310691833
        ],
        [
            2.6740922927856445,
            5.504467964172363,
            0.13360926508903503
        ]
    ],
    "event_points": [
        [
            105,
            136
        ],
        [
            202,
            133
        ],
        [
            272,
            135
        ],
        [
            205,
            86
        ],
        [
            167,
            134
        ],
        [
            114,
            189
        ],
        [
            68,
            126
        ],
        [
            287,
            136
        ]
    ]
}